Version_Codigo,Bandera,Log2N,N,dt,Tiempo_Total_Segundos,Tiempo_Iteracion_Seg
Original,-O0,11,2048,0.01,.041763522,.000041
Original,-O0,11,2048,0.005,.041478980,.000041
Original,-O0,11,2048,0.001,.043131097,.000043
Original,-O0,12,4096,0.01,.079306678,.000079
Original,-O0,12,4096,0.005,.079345372,.000079
Original,-O0,12,4096,0.001,.078310261,.000078
Original,-O0,13,8192,0.01,.154995737,.000154
Original,-O0,13,8192,0.005,.149634658,.000149
Original,-O0,13,8192,0.001,.155041184,.000155
Original,-O0,14,16384,0.01,.300079248,.000300
Original,-O0,14,16384,0.005,.301359897,.000301
Original,-O0,14,16384,0.001,.301168623,.000301
Original,-O0,15,32768,0.01,.600054258,.000600
Original,-O0,15,32768,0.005,.590628427,.000590
Original,-O0,15,32768,0.001,.602590237,.000602
Original,-O1,11,2048,0.01,.025621021,.000025
Original,-O1,11,2048,0.005,.028213008,.000028
Original,-O1,11,2048,0.001,.025647452,.000025
Original,-O1,12,4096,0.01,.048999793,.000048
Original,-O1,12,4096,0.005,.048567019,.000048
Original,-O1,12,4096,0.001,.048609971,.000048
Original,-O1,13,8192,0.01,.091616981,.000091
Original,-O1,13,8192,0.005,.092085123,.000092
Original,-O1,13,8192,0.001,.092759307,.000092
Original,-O1,14,16384,0.01,.178513083,.000178
Original,-O1,14,16384,0.005,.180891151,.000180
Original,-O1,14,16384,0.001,.180697593,.000180
Original,-O1,15,32768,0.01,.357110115,.000357
Original,-O1,15,32768,0.005,.353120368,.000353
Original,-O1,15,32768,0.001,.354256010,.000354
Original,-O2,11,2048,0.01,.026182802,.000026
Original,-O2,11,2048,0.005,.026797623,.000026
Original,-O2,11,2048,0.001,.026326615,.000026
Original,-O2,12,4096,0.01,.048586315,.000048
Original,-O2,12,4096,0.005,.047991082,.000047
Original,-O2,12,4096,0.001,.048344305,.000048
Original,-O2,13,8192,0.01,.091367747,.000091
Original,-O2,13,8192,0.005,.090913963,.000090
Original,-O2,13,8192,0.001,.091990693,.000091
Original,-O2,14,16384,0.01,.181400452,.000181
Original,-O2,14,16384,0.005,.181149683,.000181
Original,-O2,14,16384,0.001,.179871880,.000179
Original,-O2,15,32768,0.01,.356152472,.000356
Original,-O2,15,32768,0.005,.356745150,.000356
Original,-O2,15,32768,0.001,.361653538,.000361
Original,-O3,11,2048,0.01,.025762612,.000025
Original,-O3,11,2048,0.005,.025357159,.000025
Original,-O3,11,2048,0.001,.024625927,.000024
Original,-O3,12,4096,0.01,.047646296,.000047
Original,-O3,12,4096,0.005,.046077387,.000046
Original,-O3,12,4096,0.001,.046196464,.000046
Original,-O3,13,8192,0.01,.088080337,.000088
Original,-O3,13,8192,0.005,.087336190,.000087
Original,-O3,13,8192,0.001,.091977278,.000091
Original,-O3,14,16384,0.01,.173074997,.000173
Original,-O3,14,16384,0.005,.171370021,.000171
Original,-O3,14,16384,0.001,.170985538,.000170
Original,-O3,15,32768,0.01,.336765894,.000336
Original,-O3,15,32768,0.005,.337870035,.000337
Original,-O3,15,32768,0.001,.341608225,.000341
Optimizado,-O0,11,2048,0.01,.041308767,.000041
Optimizado,-O0,11,2048,0.005,.041236629,.000041
Optimizado,-O0,11,2048,0.001,.041547231,.000041
Optimizado,-O0,12,4096,0.01,.078460668,.000078
Optimizado,-O0,12,4096,0.005,.077562988,.000077
Optimizado,-O0,12,4096,0.001,.081137515,.000081
Optimizado,-O0,13,8192,0.01,.154083600,.000154
Optimizado,-O0,13,8192,0.005,.153439705,.000153
Optimizado,-O0,13,8192,0.001,.155456895,.000155
Optimizado,-O0,14,16384,0.01,.304878869,.000304
Optimizado,-O0,14,16384,0.005,.301825234,.000301
Optimizado,-O0,14,16384,0.001,.300649815,.000300
Optimizado,-O0,15,32768,0.01,.591242579,.000591
Optimizado,-O0,15,32768,0.005,.583559126,.000583
Optimizado,-O0,15,32768,0.001,.607071212,.000607
Optimizado,-O1,11,2048,0.01,.027565755,.000027
Optimizado,-O1,11,2048,0.005,.027854876,.000027
Optimizado,-O1,11,2048,0.001,.027491384,.000027
Optimizado,-O1,12,4096,0.01,.047595028,.000047
Optimizado,-O1,12,4096,0.005,.048861861,.000048
Optimizado,-O1,12,4096,0.001,.048279672,.000048
Optimizado,-O1,13,8192,0.01,.091259030,.000091
Optimizado,-O1,13,8192,0.005,.091583257,.000091
Optimizado,-O1,13,8192,0.001,.092169053,.000092
Optimizado,-O1,14,16384,0.01,.180270650,.000180
Optimizado,-O1,14,16384,0.005,.179060946,.000179
Optimizado,-O1,14,16384,0.001,.180798346,.000180
Optimizado,-O1,15,32768,0.01,.360050917,.000360
Optimizado,-O1,15,32768,0.005,.353000100,.000353
Optimizado,-O1,15,32768,0.001,.359399577,.000359
Optimizado,-O2,11,2048,0.01,.026590288,.000026
Optimizado,-O2,11,2048,0.005,.026162393,.000026
Optimizado,-O2,11,2048,0.001,.026230001,.000026
Optimizado,-O2,12,4096,0.01,.047845435,.000047
Optimizado,-O2,12,4096,0.005,.048357760,.000048
Optimizado,-O2,12,4096,0.001,.047930747,.000047
Optimizado,-O2,13,8192,0.01,.091898137,.000091
Optimizado,-O2,13,8192,0.005,.092167460,.000092
Optimizado,-O2,13,8192,0.001,.092759016,.000092
Optimizado,-O2,14,16384,0.01,.180239330,.000180
Optimizado,-O2,14,16384,0.005,.179183059,.000179
Optimizado,-O2,14,16384,0.001,.181665316,.000181
Optimizado,-O2,15,32768,0.01,.354660642,.000354
Optimizado,-O2,15,32768,0.005,.355433384,.000355
Optimizado,-O2,15,32768,0.001,.358455559,.000358
Optimizado,-O3,11,2048,0.01,.026179956,.000026
Optimizado,-O3,11,2048,0.005,.025152860,.000025
Optimizado,-O3,11,2048,0.001,.025333164,.000025
Optimizado,-O3,12,4096,0.01,.046809622,.000046
Optimizado,-O3,12,4096,0.005,.046200602,.000046
Optimizado,-O3,12,4096,0.001,.047755885,.000047
Optimizado,-O3,13,8192,0.01,.088382152,.000088
Optimizado,-O3,13,8192,0.005,.091021909,.000091
Optimizado,-O3,13,8192,0.001,.087682719,.000087
Optimizado,-O3,14,16384,0.01,.170306906,.000170
Optimizado,-O3,14,16384,0.005,.172253283,.000172
Optimizado,-O3,14,16384,0.001,.173454470,.000173
Optimizado,-O3,15,32768,0.01,.340266310,.000340
Optimizado,-O3,15,32768,0.005,.339551849,.000339
Optimizado,-O3,15,32768,0.001,.342995658,.000342
