Version_Codigo,Bandera,Log2N,N,dt,Bloque_B,Tiempo_Total_Segundos,Tiempo_Iteracion_Seg
Original,-O0,11,2048,0.01,2048,.257513886,.000257
Original,-O0,11,2048,0.005,2048,.268988928,.000268
Original,-O0,11,2048,0.001,2048,.298148912,.000298
Original,-O0,11,2048,0.0005,2048,.259365330,.000259
Original,-O0,12,4096,0.01,4096,.582586786,.000582
Original,-O0,12,4096,0.005,4096,.613817161,.000613
Original,-O0,12,4096,0.001,4096,.539001285,.000539
Original,-O0,12,4096,0.0005,4096,.576549625,.000576
Original,-O0,13,8192,0.01,8192,1.121051572,.001121
Original,-O0,13,8192,0.005,8192,1.195589520,.001195
Original,-O0,13,8192,0.001,8192,1.116346769,.001116
Original,-O0,13,8192,0.0005,8192,1.130920590,.001130
Original,-O0,14,16384,0.01,16384,2.382137509,.002382
Original,-O0,14,16384,0.005,16384,2.587981964,.002587
Original,-O0,14,16384,0.001,16384,2.391554434,.002391
Original,-O0,14,16384,0.0005,16384,2.593396143,.002593
Original,-O0,15,32768,0.01,32768,5.104516928,.005104
Original,-O0,15,32768,0.005,32768,5.463398262,.005463
Original,-O0,15,32768,0.001,32768,5.300939608,.005300
Original,-O0,15,32768,0.0005,32768,5.136687077,.005136
Original,-O1,11,2048,0.01,2048,.081486345,.000081
Original,-O1,11,2048,0.005,2048,.084292426,.000084
Original,-O1,11,2048,0.001,2048,.080802434,.000080
Original,-O1,11,2048,0.0005,2048,.107035707,.000107
Original,-O1,12,4096,0.01,4096,.322773365,.000322
Original,-O1,12,4096,0.005,4096,.317656674,.000317
Original,-O1,12,4096,0.001,4096,.322019059,.000322
Original,-O1,12,4096,0.0005,4096,.321624357,.000321
Original,-O1,13,8192,0.01,8192,.963214174,.000963
Original,-O1,13,8192,0.005,8192,.962139129,.000962
Original,-O1,13,8192,0.001,8192,1.093328492,.001093
Original,-O1,13,8192,0.0005,8192,.888575265,.000888
Original,-O1,14,16384,0.01,16384,2.254268146,.002254
Original,-O1,14,16384,0.005,16384,1.703499764,.001703
Original,-O1,14,16384,0.001,16384,1.838611307,.001838
Original,-O1,14,16384,0.0005,16384,1.770118987,.001770
Original,-O1,15,32768,0.01,32768,5.876296225,.005876
Original,-O1,15,32768,0.005,32768,6.267593320,.006267
Original,-O1,15,32768,0.001,32768,6.233672176,.006233
Original,-O1,15,32768,0.0005,32768,6.233448292,.006233
Original,-O2,11,2048,0.01,2048,.076844222,.000076
Original,-O2,11,2048,0.005,2048,.077572979,.000077
Original,-O2,11,2048,0.001,2048,.079274618,.000079
Original,-O2,11,2048,0.0005,2048,.079082352,.000079
Original,-O2,12,4096,0.01,4096,.320292102,.000320
Original,-O2,12,4096,0.005,4096,.317757417,.000317
Original,-O2,12,4096,0.001,4096,.315596714,.000315
Original,-O2,12,4096,0.0005,4096,.319509072,.000319
Original,-O2,13,8192,0.01,8192,.979852176,.000979
Original,-O2,13,8192,0.005,8192,.976207920,.000976
Original,-O2,13,8192,0.001,8192,.976385329,.000976
Original,-O2,13,8192,0.0005,8192,.982662318,.000982
Original,-O2,14,16384,0.01,16384,2.554648421,.002554
Original,-O2,14,16384,0.005,16384,2.567214967,.002567
Original,-O2,14,16384,0.001,16384,2.576018500,.002576
Original,-O2,14,16384,0.0005,16384,2.571733689,.002571
Original,-O2,15,32768,0.01,32768,6.549740150,.006549
Original,-O2,15,32768,0.005,32768,6.390359542,.006390
Original,-O2,15,32768,0.001,32768,6.529685823,.006529
Original,-O2,15,32768,0.0005,32768,6.396491980,.006396
Original,-O3,11,2048,0.01,2048,.073036596,.000073
Original,-O3,11,2048,0.005,2048,.070305919,.000070
Original,-O3,11,2048,0.001,2048,.074980587,.000074
Original,-O3,11,2048,0.0005,2048,.070819556,.000070
Original,-O3,12,4096,0.01,4096,.332005048,.000332
Original,-O3,12,4096,0.005,4096,.333362542,.000333
Original,-O3,12,4096,0.001,4096,.333560910,.000333
Original,-O3,12,4096,0.0005,4096,.333390596,.000333
Original,-O3,13,8192,0.01,8192,1.171123498,.001171
Original,-O3,13,8192,0.005,8192,1.174354519,.001174
Original,-O3,13,8192,0.001,8192,1.177170701,.001177
Original,-O3,13,8192,0.0005,8192,1.161241090,.001161
Original,-O3,14,16384,0.01,16384,3.460801725,.003460
Original,-O3,14,16384,0.005,16384,3.303235622,.003303
Original,-O3,14,16384,0.001,16384,4.135042371,.004135
Original,-O3,14,16384,0.0005,16384,4.484518194,.004484
Original,-O3,15,32768,0.01,32768,11.688382557,.011688
Original,-O3,15,32768,0.005,32768,9.007428781,.009007
Original,-O3,15,32768,0.001,32768,8.901769591,.008901
Original,-O3,15,32768,0.0005,32768,8.639285661,.008639
Optimizado,-O0,11,2048,0.01,64,.323019218,.000323
Optimizado,-O0,11,2048,0.01,256,.313332107,.000313
Optimizado,-O0,11,2048,0.01,1024,.306874766,.000306
Optimizado,-O0,11,2048,0.01,4096,.320339396,.000320
Optimizado,-O0,11,2048,0.01,16384,.320694092,.000320
Optimizado,-O0,11,2048,0.005,64,.333074249,.000333
Optimizado,-O0,11,2048,0.005,256,.295528488,.000295
Optimizado,-O0,11,2048,0.005,1024,.316379589,.000316
Optimizado,-O0,11,2048,0.005,4096,.323592880,.000323
Optimizado,-O0,11,2048,0.005,16384,.285451817,.000285
Optimizado,-O0,11,2048,0.001,64,.281405905,.000281
Optimizado,-O0,11,2048,0.001,256,.329660921,.000329
Optimizado,-O0,11,2048,0.001,1024,.337395074,.000337
Optimizado,-O0,11,2048,0.001,4096,.314686136,.000314
Optimizado,-O0,11,2048,0.001,16384,.278296025,.000278
Optimizado,-O0,11,2048,0.0005,64,.327611500,.000327
Optimizado,-O0,11,2048,0.0005,256,.286615191,.000286
Optimizado,-O0,11,2048,0.0005,1024,.308192525,.000308
Optimizado,-O0,11,2048,0.0005,4096,.322875765,.000322
Optimizado,-O0,11,2048,0.0005,16384,.317406365,.000317
Optimizado,-O0,12,4096,0.01,64,.675888359,.000675
Optimizado,-O0,12,4096,0.01,256,.709007114,.000709
Optimizado,-O0,12,4096,0.01,1024,.619926403,.000619
Optimizado,-O0,12,4096,0.01,4096,.678085492,.000678
Optimizado,-O0,12,4096,0.01,16384,.600345300,.000600
Optimizado,-O0,12,4096,0.005,64,.685569099,.000685
Optimizado,-O0,12,4096,0.005,256,.624590372,.000624
Optimizado,-O0,12,4096,0.005,1024,.652175372,.000652
Optimizado,-O0,12,4096,0.005,4096,.683371727,.000683
Optimizado,-O0,12,4096,0.005,16384,.606875521,.000606
Optimizado,-O0,12,4096,0.001,64,.695383072,.000695
Optimizado,-O0,12,4096,0.001,256,.620120354,.000620
Optimizado,-O0,12,4096,0.001,1024,.603307851,.000603
Optimizado,-O0,12,4096,0.001,4096,.686385626,.000686
Optimizado,-O0,12,4096,0.001,16384,.691913669,.000691
Optimizado,-O0,12,4096,0.0005,64,.632785114,.000632
Optimizado,-O0,12,4096,0.0005,256,.646208676,.000646
Optimizado,-O0,12,4096,0.0005,1024,.678545723,.000678
Optimizado,-O0,12,4096,0.0005,4096,.659299857,.000659
Optimizado,-O0,12,4096,0.0005,16384,.714125132,.000714
Optimizado,-O0,13,8192,0.01,64,1.419737891,.001419
Optimizado,-O0,13,8192,0.01,256,1.247294502,.001247
Optimizado,-O0,13,8192,0.01,1024,1.228274697,.001228
Optimizado,-O0,13,8192,0.01,4096,1.211879138,.001211
Optimizado,-O0,13,8192,0.01,16384,1.405015611,.001405
Optimizado,-O0,13,8192,0.005,64,1.376895222,.001376
Optimizado,-O0,13,8192,0.005,256,1.424987070,.001424
Optimizado,-O0,13,8192,0.005,1024,1.403960085,.001403
Optimizado,-O0,13,8192,0.005,4096,1.422104044,.001422
Optimizado,-O0,13,8192,0.005,16384,1.400342902,.001400
Optimizado,-O0,13,8192,0.001,64,1.385677757,.001385
Optimizado,-O0,13,8192,0.001,256,1.248959993,.001248
Optimizado,-O0,13,8192,0.001,1024,1.255277361,.001255
Optimizado,-O0,13,8192,0.001,4096,1.395786904,.001395
Optimizado,-O0,13,8192,0.001,16384,1.228482346,.001228
Optimizado,-O0,13,8192,0.0005,64,1.409899390,.001409
Optimizado,-O0,13,8192,0.0005,256,1.398974676,.001398
Optimizado,-O0,13,8192,0.0005,1024,1.390359978,.001390
Optimizado,-O0,13,8192,0.0005,4096,1.220301036,.001220
Optimizado,-O0,13,8192,0.0005,16384,1.219000040,.001219
Optimizado,-O0,14,16384,0.01,64,3.050097210,.003050
Optimizado,-O0,14,16384,0.01,256,2.620658246,.002620
Optimizado,-O0,14,16384,0.01,1024,2.622835746,.002622
Optimizado,-O0,14,16384,0.01,4096,2.938477356,.002938
Optimizado,-O0,14,16384,0.01,16384,2.606400148,.002606
Optimizado,-O0,14,16384,0.005,64,2.909916066,.002909
Optimizado,-O0,14,16384,0.005,256,2.979473260,.002979
Optimizado,-O0,14,16384,0.005,1024,2.956768435,.002956
Optimizado,-O0,14,16384,0.005,4096,2.595463867,.002595
Optimizado,-O0,14,16384,0.005,16384,2.614267227,.002614
Optimizado,-O0,14,16384,0.001,64,2.993985977,.002993
Optimizado,-O0,14,16384,0.001,256,2.613795015,.002613
Optimizado,-O0,14,16384,0.001,1024,2.599523001,.002599
Optimizado,-O0,14,16384,0.001,4096,2.902031315,.002902
Optimizado,-O0,14,16384,0.001,16384,2.616483937,.002616
Optimizado,-O0,14,16384,0.0005,64,2.636409091,.002636
Optimizado,-O0,14,16384,0.0005,256,2.632844018,.002632
Optimizado,-O0,14,16384,0.0005,1024,3.015920736,.003015
Optimizado,-O0,14,16384,0.0005,4096,2.619762694,.002619
Optimizado,-O0,14,16384,0.0005,16384,3.001558015,.003001
Optimizado,-O0,15,32768,0.01,64,5.521220183,.005521
Optimizado,-O0,15,32768,0.01,256,6.303360358,.006303
Optimizado,-O0,15,32768,0.01,1024,5.525392120,.005525
Optimizado,-O0,15,32768,0.01,4096,6.262982805,.006262
Optimizado,-O0,15,32768,0.01,16384,6.248837959,.006248
Optimizado,-O0,15,32768,0.005,64,6.324486738,.006324
Optimizado,-O0,15,32768,0.005,256,6.489104043,.006489
Optimizado,-O0,15,32768,0.005,1024,6.468310671,.006468
Optimizado,-O0,15,32768,0.005,4096,6.454819971,.006454
Optimizado,-O0,15,32768,0.005,16384,6.328166557,.006328
Optimizado,-O0,15,32768,0.001,64,6.428204736,.006428
Optimizado,-O0,15,32768,0.001,256,6.471470289,.006471
Optimizado,-O0,15,32768,0.001,1024,6.212387422,.006212
Optimizado,-O0,15,32768,0.001,4096,6.441839601,.006441
Optimizado,-O0,15,32768,0.001,16384,6.388446439,.006388
Optimizado,-O0,15,32768,0.0005,64,6.390149149,.006390
Optimizado,-O0,15,32768,0.0005,256,5.707729709,.005707
Optimizado,-O0,15,32768,0.0005,1024,6.320096797,.006320
Optimizado,-O0,15,32768,0.0005,4096,5.493347904,.005493
Optimizado,-O0,15,32768,0.0005,16384,7.085775024,.007085
Optimizado,-O1,11,2048,0.01,64,.091694908,.000091
Optimizado,-O1,11,2048,0.01,256,.088682885,.000088
Optimizado,-O1,11,2048,0.01,1024,.089761558,.000089
Optimizado,-O1,11,2048,0.01,4096,.093156692,.000093
Optimizado,-O1,11,2048,0.01,16384,.092172498,.000092
Optimizado,-O1,11,2048,0.005,64,.090654107,.000090
Optimizado,-O1,11,2048,0.005,256,.089034394,.000089
Optimizado,-O1,11,2048,0.005,1024,.090740401,.000090
Optimizado,-O1,11,2048,0.005,4096,.091510768,.000091
Optimizado,-O1,11,2048,0.005,16384,.088976593,.000088
Optimizado,-O1,11,2048,0.001,64,.089153701,.000089
Optimizado,-O1,11,2048,0.001,256,.090879506,.000090
Optimizado,-O1,11,2048,0.001,1024,.089758061,.000089
Optimizado,-O1,11,2048,0.001,4096,.090884977,.000090
Optimizado,-O1,11,2048,0.001,16384,.089071254,.000089
Optimizado,-O1,11,2048,0.0005,64,.088613572,.000088
Optimizado,-O1,11,2048,0.0005,256,.088039781,.000088
Optimizado,-O1,11,2048,0.0005,1024,.089368129,.000089
Optimizado,-O1,11,2048,0.0005,4096,.087371589,.000087
Optimizado,-O1,11,2048,0.0005,16384,.090125521,.000090
Optimizado,-O1,12,4096,0.01,64,.185493211,.000185
Optimizado,-O1,12,4096,0.01,256,.185113629,.000185
Optimizado,-O1,12,4096,0.01,1024,.185254176,.000185
Optimizado,-O1,12,4096,0.01,4096,.187293609,.000187
Optimizado,-O1,12,4096,0.01,16384,.190467081,.000190
Optimizado,-O1,12,4096,0.005,64,.184645097,.000184
Optimizado,-O1,12,4096,0.005,256,.184014777,.000184
Optimizado,-O1,12,4096,0.005,1024,.190553585,.000190
Optimizado,-O1,12,4096,0.005,4096,.185656794,.000185
Optimizado,-O1,12,4096,0.005,16384,.190510403,.000190
Optimizado,-O1,12,4096,0.001,64,.189991104,.000189
Optimizado,-O1,12,4096,0.001,256,.186684179,.000186
Optimizado,-O1,12,4096,0.001,1024,.185603653,.000185
Optimizado,-O1,12,4096,0.001,4096,.186422260,.000186
Optimizado,-O1,12,4096,0.001,16384,.192659334,.000192
Optimizado,-O1,12,4096,0.0005,64,.191388825,.000191
Optimizado,-O1,12,4096,0.0005,256,.189505350,.000189
Optimizado,-O1,12,4096,0.0005,1024,.190776459,.000190
Optimizado,-O1,12,4096,0.0005,4096,.182553305,.000182
Optimizado,-O1,12,4096,0.0005,16384,.183375540,.000183
Optimizado,-O1,13,8192,0.01,64,.380994076,.000380
Optimizado,-O1,13,8192,0.01,256,.394018019,.000394
Optimizado,-O1,13,8192,0.01,1024,.379518276,.000379
Optimizado,-O1,13,8192,0.01,4096,.383028579,.000383
Optimizado,-O1,13,8192,0.01,16384,.395950999,.000395
Optimizado,-O1,13,8192,0.005,64,.397616099,.000397
Optimizado,-O1,13,8192,0.005,256,.383493975,.000383
Optimizado,-O1,13,8192,0.005,1024,.398268040,.000398
Optimizado,-O1,13,8192,0.005,4096,.388023658,.000388
Optimizado,-O1,13,8192,0.005,16384,.382409330,.000382
Optimizado,-O1,13,8192,0.001,64,.408833323,.000408
Optimizado,-O1,13,8192,0.001,256,.379913870,.000379
Optimizado,-O1,13,8192,0.001,1024,.381018793,.000381
Optimizado,-O1,13,8192,0.001,4096,.382284894,.000382
Optimizado,-O1,13,8192,0.001,16384,.408538212,.000408
Optimizado,-O1,13,8192,0.0005,64,.379051870,.000379
Optimizado,-O1,13,8192,0.0005,256,.378452638,.000378
Optimizado,-O1,13,8192,0.0005,1024,.382157051,.000382
Optimizado,-O1,13,8192,0.0005,4096,.380697812,.000380
Optimizado,-O1,13,8192,0.0005,16384,.385310814,.000385
Optimizado,-O1,14,16384,0.01,64,.797717712,.000797
Optimizado,-O1,14,16384,0.01,256,.818995749,.000818
Optimizado,-O1,14,16384,0.01,1024,.806082807,.000806
Optimizado,-O1,14,16384,0.01,4096,.855287798,.000855
Optimizado,-O1,14,16384,0.01,16384,.820496016,.000820
Optimizado,-O1,14,16384,0.005,64,.850894696,.000850
Optimizado,-O1,14,16384,0.005,256,.796787121,.000796
Optimizado,-O1,14,16384,0.005,1024,.799343239,.000799
Optimizado,-O1,14,16384,0.005,4096,.806053793,.000806
Optimizado,-O1,14,16384,0.005,16384,.813683919,.000813
Optimizado,-O1,14,16384,0.001,64,.805569091,.000805
Optimizado,-O1,14,16384,0.001,256,.836378904,.000836
Optimizado,-O1,14,16384,0.001,1024,.811986950,.000811
Optimizado,-O1,14,16384,0.001,4096,.858808474,.000858
Optimizado,-O1,14,16384,0.001,16384,.828576402,.000828
Optimizado,-O1,14,16384,0.0005,64,.804416930,.000804
Optimizado,-O1,14,16384,0.0005,256,.801335063,.000801
Optimizado,-O1,14,16384,0.0005,1024,.823012911,.000823
Optimizado,-O1,14,16384,0.0005,4096,.802834137,.000802
Optimizado,-O1,14,16384,0.0005,16384,.799850528,.000799
Optimizado,-O1,15,32768,0.01,64,1.709507594,.001709
Optimizado,-O1,15,32768,0.01,256,1.708467646,.001708
Optimizado,-O1,15,32768,0.01,1024,1.742765520,.001742
Optimizado,-O1,15,32768,0.01,4096,1.740075350,.001740
Optimizado,-O1,15,32768,0.01,16384,1.750394035,.001750
Optimizado,-O1,15,32768,0.005,64,1.770358603,.001770
Optimizado,-O1,15,32768,0.005,256,1.712093254,.001712
Optimizado,-O1,15,32768,0.005,1024,1.701979091,.001701
Optimizado,-O1,15,32768,0.005,4096,1.817167518,.001817
Optimizado,-O1,15,32768,0.005,16384,1.758272981,.001758
Optimizado,-O1,15,32768,0.001,64,1.772159959,.001772
Optimizado,-O1,15,32768,0.001,256,1.711688139,.001711
Optimizado,-O1,15,32768,0.001,1024,1.714771240,.001714
Optimizado,-O1,15,32768,0.001,4096,1.726305869,.001726
Optimizado,-O1,15,32768,0.001,16384,1.757017627,.001757
Optimizado,-O1,15,32768,0.0005,64,1.741926158,.001741
Optimizado,-O1,15,32768,0.0005,256,1.725460203,.001725
Optimizado,-O1,15,32768,0.0005,1024,1.753662183,.001753
Optimizado,-O1,15,32768,0.0005,4096,1.724393714,.001724
Optimizado,-O1,15,32768,0.0005,16384,1.691647547,.001691
Optimizado,-O2,11,2048,0.01,64,.093704106,.000093
Optimizado,-O2,11,2048,0.01,256,.089254235,.000089
Optimizado,-O2,11,2048,0.01,1024,.089267440,.000089
Optimizado,-O2,11,2048,0.01,4096,.089450398,.000089
Optimizado,-O2,11,2048,0.01,16384,.088486784,.000088
Optimizado,-O2,11,2048,0.005,64,.091452640,.000091
Optimizado,-O2,11,2048,0.005,256,.088446537,.000088
Optimizado,-O2,11,2048,0.005,1024,.090803213,.000090
Optimizado,-O2,11,2048,0.005,4096,.090048467,.000090
Optimizado,-O2,11,2048,0.005,16384,.088889771,.000088
Optimizado,-O2,11,2048,0.001,64,.088251626,.000088
Optimizado,-O2,11,2048,0.001,256,.089335048,.000089
Optimizado,-O2,11,2048,0.001,1024,.089614721,.000089
Optimizado,-O2,11,2048,0.001,4096,.089221523,.000089
Optimizado,-O2,11,2048,0.001,16384,.087200775,.000087
Optimizado,-O2,11,2048,0.0005,64,.090960463,.000090
Optimizado,-O2,11,2048,0.0005,256,.088805550,.000088
Optimizado,-O2,11,2048,0.0005,1024,.088208444,.000088
Optimizado,-O2,11,2048,0.0005,4096,.090692222,.000090
Optimizado,-O2,11,2048,0.0005,16384,.088456296,.000088
Optimizado,-O2,12,4096,0.01,64,.185360114,.000185
Optimizado,-O2,12,4096,0.01,256,.189041522,.000189
Optimizado,-O2,12,4096,0.01,1024,.183031580,.000183
Optimizado,-O2,12,4096,0.01,4096,.181577252,.000181
Optimizado,-O2,12,4096,0.01,16384,.182562156,.000182
Optimizado,-O2,12,4096,0.005,64,.183784173,.000183
Optimizado,-O2,12,4096,0.005,256,.188619779,.000188
Optimizado,-O2,12,4096,0.005,1024,.187287924,.000187
Optimizado,-O2,12,4096,0.005,4096,.186773304,.000186
Optimizado,-O2,12,4096,0.005,16384,.183981639,.000183
Optimizado,-O2,12,4096,0.001,64,.184250511,.000184
Optimizado,-O2,12,4096,0.001,256,.184089925,.000184
Optimizado,-O2,12,4096,0.001,1024,.192493453,.000192
Optimizado,-O2,12,4096,0.001,4096,.183413507,.000183
Optimizado,-O2,12,4096,0.001,16384,.186043004,.000186
Optimizado,-O2,12,4096,0.0005,64,.183474884,.000183
Optimizado,-O2,12,4096,0.0005,256,.182699408,.000182
Optimizado,-O2,12,4096,0.0005,1024,.183668504,.000183
Optimizado,-O2,12,4096,0.0005,4096,.181341343,.000181
Optimizado,-O2,12,4096,0.0005,16384,.185942352,.000185
Optimizado,-O2,13,8192,0.01,64,.384115167,.000384
Optimizado,-O2,13,8192,0.01,256,.382698751,.000382
Optimizado,-O2,13,8192,0.01,1024,.391565951,.000391
Optimizado,-O2,13,8192,0.01,4096,.388531415,.000388
Optimizado,-O2,13,8192,0.01,16384,.384137250,.000384
Optimizado,-O2,13,8192,0.005,64,.392401212,.000392
Optimizado,-O2,13,8192,0.005,256,.396775600,.000396
Optimizado,-O2,13,8192,0.005,1024,.381605598,.000381
Optimizado,-O2,13,8192,0.005,4096,.386121836,.000386
Optimizado,-O2,13,8192,0.005,16384,.381484336,.000381
Optimizado,-O2,13,8192,0.001,64,.386820469,.000386
Optimizado,-O2,13,8192,0.001,256,.381803901,.000381
Optimizado,-O2,13,8192,0.001,1024,.381574663,.000381
Optimizado,-O2,13,8192,0.001,4096,.398108468,.000398
Optimizado,-O2,13,8192,0.001,16384,.394572936,.000394
Optimizado,-O2,13,8192,0.0005,64,.380023298,.000380
Optimizado,-O2,13,8192,0.0005,256,.393525537,.000393
Optimizado,-O2,13,8192,0.0005,1024,.387760020,.000387
Optimizado,-O2,13,8192,0.0005,4096,.379924961,.000379
Optimizado,-O2,13,8192,0.0005,16384,.381352320,.000381
Optimizado,-O2,14,16384,0.01,64,.827403527,.000827
Optimizado,-O2,14,16384,0.01,256,.805699299,.000805
Optimizado,-O2,14,16384,0.01,1024,.808769762,.000808
Optimizado,-O2,14,16384,0.01,4096,.806961173,.000806
Optimizado,-O2,14,16384,0.01,16384,.805574951,.000805
Optimizado,-O2,14,16384,0.005,64,.813901806,.000813
Optimizado,-O2,14,16384,0.005,256,.803818183,.000803
Optimizado,-O2,14,16384,0.005,1024,.818739218,.000818
Optimizado,-O2,14,16384,0.005,4096,.805723528,.000805
Optimizado,-O2,14,16384,0.005,16384,.806792012,.000806
Optimizado,-O2,14,16384,0.001,64,.808677616,.000808
Optimizado,-O2,14,16384,0.001,256,.807075814,.000807
Optimizado,-O2,14,16384,0.001,1024,.802280615,.000802
Optimizado,-O2,14,16384,0.001,4096,.806384424,.000806
Optimizado,-O2,14,16384,0.001,16384,.804241487,.000804
Optimizado,-O2,14,16384,0.0005,64,.814202123,.000814
Optimizado,-O2,14,16384,0.0005,256,.826053506,.000826
Optimizado,-O2,14,16384,0.0005,1024,.801683706,.000801
Optimizado,-O2,14,16384,0.0005,4096,.806690952,.000806
Optimizado,-O2,14,16384,0.0005,16384,.846867209,.000846
Optimizado,-O2,15,32768,0.01,64,1.781005365,.001781
Optimizado,-O2,15,32768,0.01,256,1.754854212,.001754
Optimizado,-O2,15,32768,0.01,1024,1.691064754,.001691
Optimizado,-O2,15,32768,0.01,4096,1.735120915,.001735
Optimizado,-O2,15,32768,0.01,16384,1.722861611,.001722
Optimizado,-O2,15,32768,0.005,64,1.732118517,.001732
Optimizado,-O2,15,32768,0.005,256,1.812756900,.001812
Optimizado,-O2,15,32768,0.005,1024,1.782264301,.001782
Optimizado,-O2,15,32768,0.005,4096,1.742798059,.001742
Optimizado,-O2,15,32768,0.005,16384,1.722561120,.001722
Optimizado,-O2,15,32768,0.001,64,1.749429451,.001749
Optimizado,-O2,15,32768,0.001,256,1.764024053,.001764
Optimizado,-O2,15,32768,0.001,1024,1.768496341,.001768
Optimizado,-O2,15,32768,0.001,4096,1.820435648,.001820
Optimizado,-O2,15,32768,0.001,16384,1.828193393,.001828
Optimizado,-O2,15,32768,0.0005,64,1.942661571,.001942
Optimizado,-O2,15,32768,0.0005,256,1.940676585,.001940
Optimizado,-O2,15,32768,0.0005,1024,2.222358713,.002222
Optimizado,-O2,15,32768,0.0005,4096,2.483758239,.002483
Optimizado,-O2,15,32768,0.0005,16384,1.722346378,.001722
Optimizado,-O3,11,2048,0.01,64,.096315296,.000096
Optimizado,-O3,11,2048,0.01,256,.095397752,.000095
Optimizado,-O3,11,2048,0.01,1024,.122215719,.000122
Optimizado,-O3,11,2048,0.01,4096,.096807827,.000096
Optimizado,-O3,11,2048,0.01,16384,.095575982,.000095
Optimizado,-O3,11,2048,0.005,64,.096584130,.000096
Optimizado,-O3,11,2048,0.005,256,.095948645,.000095
Optimizado,-O3,11,2048,0.005,1024,.095982088,.000095
Optimizado,-O3,11,2048,0.005,4096,.096027645,.000096
Optimizado,-O3,11,2048,0.005,16384,.096316828,.000096
Optimizado,-O3,11,2048,0.001,64,.095019508,.000095
Optimizado,-O3,11,2048,0.001,256,.098254461,.000098
Optimizado,-O3,11,2048,0.001,1024,.098000225,.000098
Optimizado,-O3,11,2048,0.001,4096,.096538922,.000096
Optimizado,-O3,11,2048,0.001,16384,.095296828,.000095
Optimizado,-O3,11,2048,0.0005,64,.094433868,.000094
Optimizado,-O3,11,2048,0.0005,256,.097987560,.000097
Optimizado,-O3,11,2048,0.0005,1024,.095864301,.000095
Optimizado,-O3,11,2048,0.0005,4096,.096258395,.000096
Optimizado,-O3,11,2048,0.0005,16384,.095285124,.000095
Optimizado,-O3,12,4096,0.01,64,.201105498,.000201
Optimizado,-O3,12,4096,0.01,256,.200240203,.000200
Optimizado,-O3,12,4096,0.01,1024,.200875959,.000200
Optimizado,-O3,12,4096,0.01,4096,.202435758,.000202
Optimizado,-O3,12,4096,0.01,16384,.203144062,.000203
Optimizado,-O3,12,4096,0.005,64,.206971068,.000206
Optimizado,-O3,12,4096,0.005,256,.196709050,.000196
Optimizado,-O3,12,4096,0.005,1024,.196291040,.000196
Optimizado,-O3,12,4096,0.005,4096,.199618900,.000199
Optimizado,-O3,12,4096,0.005,16384,.199502678,.000199
Optimizado,-O3,12,4096,0.001,64,.201453257,.000201
Optimizado,-O3,12,4096,0.001,256,.197651079,.000197
Optimizado,-O3,12,4096,0.001,1024,.196730026,.000196
Optimizado,-O3,12,4096,0.001,4096,.196863461,.000196
Optimizado,-O3,12,4096,0.001,16384,.200435288,.000200
Optimizado,-O3,12,4096,0.0005,64,.200886331,.000200
Optimizado,-O3,12,4096,0.0005,256,.198982050,.000198
Optimizado,-O3,12,4096,0.0005,1024,.196353303,.000196
Optimizado,-O3,12,4096,0.0005,4096,.200869235,.000200
Optimizado,-O3,12,4096,0.0005,16384,.200077311,.000200
Optimizado,-O3,13,8192,0.01,64,.422977792,.000422
Optimizado,-O3,13,8192,0.01,256,.422305201,.000422
Optimizado,-O3,13,8192,0.01,1024,.418384746,.000418
Optimizado,-O3,13,8192,0.01,4096,.412376147,.000412
Optimizado,-O3,13,8192,0.01,16384,.427002876,.000427
Optimizado,-O3,13,8192,0.005,64,.423475300,.000423
Optimizado,-O3,13,8192,0.005,256,.437727361,.000437
Optimizado,-O3,13,8192,0.005,1024,.419752980,.000419
Optimizado,-O3,13,8192,0.005,4096,.421816220,.000421
Optimizado,-O3,13,8192,0.005,16384,.419008382,.000419
Optimizado,-O3,13,8192,0.001,64,.420460694,.000420
Optimizado,-O3,13,8192,0.001,256,.423215299,.000423
Optimizado,-O3,13,8192,0.001,1024,.422304244,.000422
Optimizado,-O3,13,8192,0.001,4096,.411621612,.000411
Optimizado,-O3,13,8192,0.001,16384,.413883534,.000413
Optimizado,-O3,13,8192,0.0005,64,.422387766,.000422
Optimizado,-O3,13,8192,0.0005,256,.425939826,.000425
Optimizado,-O3,13,8192,0.0005,1024,.427155665,.000427
Optimizado,-O3,13,8192,0.0005,4096,.417699709,.000417
Optimizado,-O3,13,8192,0.0005,16384,.422563373,.000422
Optimizado,-O3,14,16384,0.01,64,.903373459,.000903
Optimizado,-O3,14,16384,0.01,256,.907389695,.000907
Optimizado,-O3,14,16384,0.01,1024,.874453076,.000874
Optimizado,-O3,14,16384,0.01,4096,.911463330,.000911
Optimizado,-O3,14,16384,0.01,16384,.908892966,.000908
Optimizado,-O3,14,16384,0.005,64,.906906408,.000906
Optimizado,-O3,14,16384,0.005,256,.890255109,.000890
Optimizado,-O3,14,16384,0.005,1024,.879159962,.000879
Optimizado,-O3,14,16384,0.005,4096,.892488118,.000892
Optimizado,-O3,14,16384,0.005,16384,.892969227,.000892
Optimizado,-O3,14,16384,0.001,64,.872924043,.000872
Optimizado,-O3,14,16384,0.001,256,.878652372,.000878
Optimizado,-O3,14,16384,0.001,1024,.897584928,.000897
Optimizado,-O3,14,16384,0.001,4096,.901324686,.000901
Optimizado,-O3,14,16384,0.001,16384,.905934166,.000905
Optimizado,-O3,14,16384,0.0005,64,.909448492,.000909
Optimizado,-O3,14,16384,0.0005,256,.893754195,.000893
Optimizado,-O3,14,16384,0.0005,1024,.899949015,.000899
Optimizado,-O3,14,16384,0.0005,4096,.911747205,.000911
Optimizado,-O3,14,16384,0.0005,16384,.889004056,.000889
Optimizado,-O3,15,32768,0.01,64,1.917185666,.001917
Optimizado,-O3,15,32768,0.01,256,1.863792032,.001863
Optimizado,-O3,15,32768,0.01,1024,2.040595155,.002040
Optimizado,-O3,15,32768,0.01,4096,2.012258688,.002012
Optimizado,-O3,15,32768,0.01,16384,1.850772143,.001850
Optimizado,-O3,15,32768,0.005,64,1.923706416,.001923
Optimizado,-O3,15,32768,0.005,256,1.895131931,.001895
Optimizado,-O3,15,32768,0.005,1024,1.951828248,.001951
Optimizado,-O3,15,32768,0.005,4096,1.884180294,.001884
Optimizado,-O3,15,32768,0.005,16384,1.957047252,.001957
Optimizado,-O3,15,32768,0.001,64,1.843508882,.001843
Optimizado,-O3,15,32768,0.001,256,1.962322723,.001962
Optimizado,-O3,15,32768,0.001,1024,1.881200856,.001881
Optimizado,-O3,15,32768,0.001,4096,1.866835061,.001866
Optimizado,-O3,15,32768,0.001,16384,1.849655821,.001849
Optimizado,-O3,15,32768,0.0005,64,1.915318476,.001915
Optimizado,-O3,15,32768,0.0005,256,1.961637141,.001961
Optimizado,-O3,15,32768,0.0005,1024,1.953736650,.001953
Optimizado,-O3,15,32768,0.0005,4096,1.917883474,.001917
Optimizado,-O3,15,32768,0.0005,16384,1.915325704,.001915
